,ade,fde,type
0,,,ml
1,,,ml
2,3.055991998442659,6.531242204552247,ml
3,,,ml
4,1.6050888126663192,3.8110271440121513,ml
5,2.169660461204818,3.751402359255874,ml
6,,,ml
7,,,ml
8,,,ml
9,,,ml
10,1.7455279279185283,3.5096628283793647,ml
11,,,ml
12,0.3499244600278016,0.484215785930981,ml
13,1.2651187577081984,4.117359360511463,ml
14,,,ml
15,3.055991998442659,6.531242204552247,ml
16,,,ml
17,4.4624210363375,15.635913671709584,ml
18,,,ml
19,1.393016232966526,3.145473848477777,ml
20,,,ml
21,0.3559024675181299,0.6519472940668083,ml
22,3.055991998442659,6.531242204552247,ml
23,,,ml
24,,,ml
25,,,ml
26,0.9239440765542538,2.515587106237999,ml
27,,,ml
28,,,ml
29,0.9051733749880128,2.205098582386219,ml
30,,,ml
31,0.8025950565312753,2.976055821091523,ml
32,,,ml
33,2.1265945363824255,4.81829958623796,ml
34,,,ml
35,1.5604193457730535,4.672795753291998,ml
36,1.2431872236805854,3.309152491880622,ml
37,,,ml
38,,,ml
39,2.9592968333006104,6.093831062699624,ml
40,1.7586357361299811,4.431706939662378,ml
41,0.674298754204619,2.1050401246389194,ml
42,1.3738835597597456,3.2362380000387576,ml
43,,,ml
44,,,ml
45,0.7023495708287759,1.452427036121241,ml
46,1.1184703250816048,2.5199017212619648,ml
47,6.133060828967634,13.882509020001121,ml
48,,,ml
49,,,ml
50,,,ml
51,1.4164488319984907,4.304737449159294,ml
52,1.1224234653462295,2.647969830217395,ml
53,,,ml
54,,,ml
55,,,ml
56,,,ml
57,,,ml
58,,,ml
59,0.8491868670719077,1.5147489713882014,ml
60,,,ml
61,1.6741048428824434,3.6443551573199477,ml
62,,,ml
63,2.250787769119207,5.118841818454153,ml
64,,,ml
65,0.9448095592474971,2.580067462732385,ml
66,,,ml
67,0.8744428017403783,1.9962202192152176,ml
68,,,ml
69,,,ml
70,1.5557201867786559,4.420423058088661,ml
71,,,ml
72,1.2732777832863893,2.9050368513400593,ml
73,,,ml
74,1.2817427794166762,3.017811825817737,ml
75,,,ml
76,,,ml
77,0.6606563649098774,0.9300422097672082,ml
78,,,ml
79,,,ml
80,0.8993868213408993,2.0738701415546363,ml
81,,,ml
82,,,ml
83,2.2151351219679207,5.405012041557264,ml
84,,,ml
85,2.6271402149889758,5.461688795838527,ml
86,,,ml
87,,,ml
88,,,ml
89,1.7805582753293439,4.054457015743694,ml
90,,,ml
91,,,ml
92,,,ml
93,1.3738835597597456,3.2362380000387576,ml
94,,,ml
95,,,ml
96,,,ml
97,1.4097193396119323,3.9044378225755683,ml
98,,,ml
99,,,ml
100,,,ml
101,,,ml
102,1.2577377319518015,3.8638451822891478,ml
103,0.8523738754687903,1.6282559857148118,ml
104,1.5741947401845726,4.072699165237618,ml
105,,,ml
106,0.17633232372533428,0.20470311866111465,ml
107,0.9646896356319922,1.9239082825794307,ml
108,3.055991998442659,6.531242204552247,ml
109,,,ml
110,,,ml
111,,,ml
112,1.7455279279185283,3.5096628283793647,ml
113,1.1390933162359702,3.2910724282756223,ml
114,,,ml
115,,,ml
116,,,ml
117,,,ml
118,,,ml
119,2.0090722330274957,5.566385543626903,ml
120,1.3463250855536046,2.8577189839122163,ml
121,,,ml
122,,,ml
123,0.828874536457617,1.5483089291627918,ml
124,0.25161366925815304,0.3566524258873893,ml
125,,,ml
126,1.7455279279185283,3.5096628283793647,ml
127,1.9658084618373683,5.176622099064656,ml
128,,,ml
129,,,ml
130,,,ml
131,,,ml
132,1.1437584889705958,3.7908898804232884,ml
133,,,ml
134,,,ml
135,1.309783545991443,2.4902812599352555,ml
136,0.16633836432323226,0.29649768787657566,ml
137,3.0915576809106167,7.879862907476134,ml
138,2.3894718603172436,7.015366805382104,ml
139,,,ml
140,,,ml
141,,,ml
142,,,ml
143,1.3840241514043314,3.724763259589829,ml
144,,,ml
145,0.6259572443872476,1.5654836721971006,ml
146,1.9658084618373683,5.176622099064656,ml
147,,,ml
148,,,ml
149,,,ml
150,,,ml
151,,,ml
152,,,ml
153,0.7790234292505938,1.5665755544815343,ml
154,0.22023583733328908,0.4039410086787729,ml
155,,,ml
156,4.056262924550912,10.263029774496161,ml
157,,,ml
158,1.7742407594655643,4.610972540129422,ml
159,,,ml
160,0.2874960534684616,0.3884028208116674,ml
161,,,ml
162,,,ml
163,,,ml
164,2.067627791107045,5.306264917717583,ml
165,0.3970322622692757,1.7304124775589727,ml
166,0.6949989358855895,1.2753122727033208,ml
167,,,ml
168,1.8462329234588701,3.1165096682420264,ml
169,1.6104194429142862,3.35758406581368,ml
170,,,ml
171,,,ml
172,1.2731894066088358,3.1659656441904263,ml
173,0.2954882267728349,0.5904453042298723,ml
174,,,ml
175,,,ml
176,,,ml
177,0.7336930046658278,2.3190940521717556,ml
178,,,ml
179,,,ml
180,,,ml
181,,,ml
182,,,ml
183,,,ml
184,0.4003132713201544,0.8138211860633904,ml
185,,,ml
186,,,ml
187,1.6918509509729809,5.445445891118992,ml
188,1.4687808128944315,4.153269730267698,ml
189,0.4792757486420259,0.8029170235978018,ml
190,0.9798540883167113,2.5146447227513375,ml
191,,,ml
192,0.9007272278448626,2.4356598727736185,ml
193,,,ml
194,0.5844290690159647,1.0790191711105925,ml
195,,,ml
196,,,ml
197,1.2450745652092712,2.8712762159995666,ml
198,,,ml
199,,,ml
200,5.547136417517874,12.661003655789889,ml
201,1.5801461976674218,5.968212156041126,ml
202,,,ml
203,,,ml
204,0.7124747195571508,1.1377448845926823,ml
205,2.2912524502480918,6.078033423142757,ml
206,0.5982891191423338,1.8301884457211768,ml
207,0.9045514089596923,2.185211864849389,ml
208,,,ml
209,,,ml
210,,,ml
211,,,ml
212,,,ml
213,,,ml
214,,,ml
215,1.2175361841835426,2.3502112580425134,ml
216,,,ml
217,,,ml
218,,,ml
219,2.1883463630732085,7.056110867330719,ml
220,,,ml
221,,,ml
222,,,ml
223,,,ml
224,,,ml
225,,,ml
226,,,ml
227,1.1549111248915473,3.0944985879245337,ml
228,2.436191458383806,7.867110098687064,ml
229,,,ml
230,0.22537815231695302,0.3493064646610764,ml
231,0.3871281994863392,1.1833170111330904,ml
232,3.8277588921327763,8.216046174634037,ml
233,,,ml
234,,,ml
235,,,ml
236,0.2586888521512125,0.43893890999108276,ml
237,,,ml
238,,,ml
239,0.6017171238965311,1.263594158416536,ml
240,,,ml
241,,,ml
242,,,ml
243,0.7435318893656796,1.5230730350851613,ml
244,,,ml
245,,,ml
246,,,ml
247,1.6917267473009758,3.498165386001781,ml
248,,,ml
249,,,ml
250,0.5257773668389514,1.7185647256473853,ml
251,,,ml
252,,,ml
253,,,ml
254,,,ml
255,,,ml
256,,,ml
257,,,ml
258,,,ml
259,1.4687808128944315,4.153269730267698,ml
260,,,ml
261,0.9126087823103388,2.212219004876052,ml
262,,,ml
263,,,ml
264,,,ml
265,,,ml
266,,,ml
267,,,ml
268,,,ml
269,,,ml
270,0.37827705501796643,0.8131453608509861,ml
271,0.7336930046658278,2.3190940521717556,ml
272,,,ml
273,0.5447262240212903,1.1687298807772943,ml
274,0.4210066462862861,0.5414379855051714,ml
275,1.4975557112409206,4.314347160173663,ml
276,,,ml
277,0.9744998464598026,2.0366228212061697,ml
278,1.4857989529514677,2.883992760090811,ml
279,,,ml
280,,,ml
281,2.3888400446331137,5.820080013114649,ml
282,,,ml
283,,,ml
284,,,ml
285,0.9045514089596923,2.185211864849389,ml
286,,,ml
287,,,ml
288,,,ml
289,,,ml
290,0.7124747195571508,1.1377448845926823,ml
291,0.7435318893656796,1.5230730350851613,ml
292,,,ml
293,,,ml
294,,,ml
295,,,ml
296,,,ml
297,1.4803684008388043,3.024262811569996,ml
298,,,ml
299,,,ml
300,,,ml
301,,,ml
302,,,ml
303,0.7205742997452093,1.1625937339736665,ml
304,,,ml
305,,,ml
306,,,ml
307,,,ml
308,,,ml
309,4.0662909498870095,12.660680546321787,ml
310,,,ml
311,1.7689269142185653,4.516786072784855,ml
312,,,ml
313,0.19911624549190363,0.2712204909411864,ml
314,,,ml
315,7.705330708193229,15.68755878987191,ml
316,0.2660160164631847,0.49038199201159505,ml
317,0.35559206331849774,0.6282144294214068,ml
318,4.862384973072442,10.988962659890356,ml
319,0.2762402193753654,0.7411875163824586,ml
320,,,ml
321,0.27821832011043174,0.37540907056332834,ml
322,2.2872445335774807,5.848942303165405,ml
323,,,ml
324,,,ml
325,2.115137666481209,5.76659452155322,ml
326,9.534367387078296,18.135392735599215,ml
327,0.5540584297521152,1.0662464145215071,ml
328,,,ml
329,,,ml
330,,,ml
331,,,ml
332,,,ml
333,,,ml
334,2.3182703717286355,5.306883647225053,ml
335,2.9737671705252064,7.886286020880258,ml
336,,,ml
337,1.1246332956478675,3.2889551308645437,ml
338,1.1551151670011508,2.665938233735596,ml
339,0.4322172263299584,0.6622887683597047,ml
340,,,ml
341,,,ml
342,6.638454033453566,13.192175337608214,ml
343,0.15550332086821206,0.21797926180459098,ml
344,,,ml
345,,,ml
346,,,ml
347,,,ml
348,5.878274585904243,12.669180919215385,ml
349,,,ml
350,0.11440256933207307,0.13805241331555682,ml
351,,,ml
352,,,ml
353,0.2774219722845492,0.4848030080088151,ml
354,7.219397767406354,19.604261163743082,ml
355,0.28356560253718405,0.47833053268751385,ml
356,1.2867159133850492,3.035864759846692,ml
357,,,ml
358,4.177541574127815,5.0733532138653255,ml
359,1.206091352537565,2.8645178959826167,ml
360,,,ml
361,0.2456480094927365,0.3856229661846902,ml
362,,,ml
363,11.526288525506004,24.01386286971743,ml
364,,,ml
365,,,ml
366,,,ml
367,,,ml
368,8.314790774405344,18.650531053639593,ml
369,0.8846887782051193,1.7804324796882118,ml
370,,,ml
371,,,ml
372,,,ml
373,0.6439438322616852,1.1648782090208758,ml
374,,,ml
375,0.21702261869333875,0.3187514477909596,ml
376,5.608555741262997,10.18543287178272,ml
377,0.9827771209872405,2.1866569834208085,ml
378,2.948438891885203,8.07336312493452,ml
379,0.6343854473136932,1.3256065492901143,ml
380,0.5999509297239203,1.4262599922057624,ml
381,0.35559206331849774,0.6282144294214068,ml
382,3.249386714329739,6.693659212897175,ml
383,0.4220091347658401,0.9645183080619051,ml
384,,,ml
385,1.5943850884783015,4.018472895348001,ml
386,,,ml
387,0.904508680723068,2.2188782145541883,ml
388,,,ml
389,,,ml
390,,,ml
391,0.6766931478431164,1.2573230485382478,ml
392,2.4731319474237927,5.542494936225805,ml
393,0.2414546081064647,0.5103595715109495,ml
394,0.17553995848357573,0.21688736350288476,ml
395,,,ml
396,,,ml
397,0.5999509297239203,1.4262599922057624,ml
398,6.638454033453566,13.192175337608214,ml
399,0.8397796947312495,2.2603805951008655,ml
400,,,ml
401,0.5698980185521595,0.7324944315059058,ml
402,0.11067839277738592,0.14732757399722027,ml
403,,,ml
404,0.5642664887121278,1.190760419704682,ml
405,,,ml
406,,,ml
407,,,ml
408,,,ml
409,6.512723747960642,8.65438665064582,ml
410,1.22764351424416,3.0407589511632804,ml
411,,,ml
412,,,ml
413,0.4740543754112803,0.8608964687490186,ml
414,,,ml
415,7.642445943558844,14.291254575401739,ml
416,5.974942881832393,8.288054785040575,ml
417,,,ml
418,1.429546320963209,3.18374318736154,ml
419,0.8846887782051193,1.7804324796882118,ml
420,0.46248638314728474,0.8818802246143835,ml
421,0.9364736017831063,1.6163462410426452,ml
422,,,ml
423,1.3178020098073855,1.6150878785349108,ml
424,0.19478578348777628,0.34114227602746183,ml
425,,,ml
426,,,ml
427,0.8990246961560423,2.170610991864289,ml
428,5.878274585904243,12.669180919215385,ml
429,3.538512109305185,9.685177690537792,ml
430,1.8459900088214791,4.274514137004675,ml
431,,,ml
432,2.371056541877111,5.819323707176235,ml
433,2.5129197152147613,6.610093962501601,ml
434,,,ml
435,0.48231654821327485,0.6575095087574175,ml
436,9.534367387078296,18.135392735599215,ml
437,1.1470678042915745,3.2242734483242903,ml
438,,,ml
439,,,ml
440,,,ml
441,7.448608469420266,13.945649280116573,ml
442,2.4731319474237927,5.542494936225805,ml
443,0.6766931478431164,1.2573230485382478,ml
444,1.5400844892282024,3.6905786478899882,ml
445,,,ml
446,,,ml
447,1.2040071721958174,2.3779964153890996,ml
448,0.46462254672842995,0.9009289571540828,ml
449,,,ml
450,0.14261202518493069,0.18509892510347173,ml
451,0.1711211817630797,0.22931298829317007,ml
452,0.2084009515497677,0.2999029662590815,ml
453,1.657897887216367,3.9647484082800672,ml
454,,,ml
455,,,ml
456,0.12307121379434038,0.18127356784291396,ml
457,,,ml
458,4.283530973820403,10.166542008432419,ml
459,,,ml
460,2.248508832457643,5.030444624238777,ml
461,,,ml
462,1.5911208632458664,3.7008478675783945,ml
463,0.3336231875302792,0.5372461256085106,ml
464,,,ml
465,,,ml
466,0.3854552392100837,0.6606807241549124,ml
467,0.15943615720014795,0.2451489064499524,ml
468,0.7130856855588728,1.5643438807062804,ml
469,,,ml
470,0.15389890076465146,0.22494726988709315,ml
471,,,ml
472,0.39138445886742357,0.7154557492291216,ml
473,0.6987925807153125,1.3427854117669227,ml
474,,,ml
475,0.1607143491328839,0.21056150325797232,ml
476,1.17515782076246,3.2857152086648784,ml
477,0.1706852078350575,0.24300855254469994,ml
478,0.1606409388024711,0.2276699034265344,ml
479,0.917953742026617,1.4221402556610745,ml
480,3.685218245047101,6.883885596080665,ml
481,,,ml
482,,,ml
483,0.16842721315374168,0.22485889110354443,ml
484,,,ml
485,0.4180886218230215,0.6935139230845733,ml
486,1.8592196633079108,4.058647991616734,ml
487,,,ml
488,0.5654388438671809,0.9980877867023312,ml
489,0.16345483955477183,0.22612017264595088,ml
490,3.971516917246413,10.30909661997259,ml
491,0.4180886218230215,0.6935139230845733,ml
492,0.39138445886742357,0.7154557492291216,ml
493,1.1433596071664496,3.2202182453242862,ml
494,,,ml
495,0.1783433633044608,0.2852567453618898,ml
496,1.2102585290455283,2.935353436940622,ml
497,6.728372828405722,12.240034650274545,ml
498,0.24960502348963548,0.4962337027530974,ml
499,0.1628544474223936,0.2357451765933942,ml
500,1.2102585290455283,2.935353436940622,ml
501,1.8062435850833414,4.5602121086243015,ml
502,0.3342088491693011,0.44667380240017324,ml
503,,,ml
504,4.217014061837453,7.644039960360092,ml
505,,,ml
506,2.5034867812178927,6.304204331860554,ml
507,0.6696362289570355,1.5425413624049014,ml
508,,,ml
509,,,ml
510,0.15389890076465146,0.22494726988709315,ml
511,3.971516917246413,10.30909661997259,ml
512,0.2624029546633581,0.38972769144593045,ml
513,0.19952535686935488,0.33710132699856366,ml
514,2.7703675835613275,6.530813266494651,ml
515,,,ml
516,0.516916188346355,0.7806467818528784,ml
517,0.1890365003430539,0.32172614363472246,ml
518,0.1787197117418966,0.2898563284273164,ml
519,,,ml
520,0.389900675866545,0.8249222158408325,ml
521,,,ml
522,0.15115483999897272,0.2084613132583693,ml
523,,,ml
524,0.19391678865016265,0.43092299654891386,ml
525,4.641458632364831,11.510830365412513,ml
526,,,ml
527,0.15505229821620037,0.23875375047539127,ml
528,,,ml
529,,,ml
530,,,ml
531,,,ml
532,,,ml
533,,,ml
534,,,ml
535,,,ml
536,,,ml
537,,,ml
538,,,ml
539,,,ml
540,,,ml
541,,,ml
542,,,ml
543,,,ml
544,,,ml
545,,,ml
546,,,ml
547,,,ml
548,,,ml
549,5.051605007915522,14.453887119553393,ml
550,,,ml
551,,,ml
552,,,ml
553,,,ml
554,,,ml
555,,,ml
556,,,ml
557,,,ml
558,,,ml
559,,,ml
560,,,ml
561,5.123628596640921,16.95448931685568,ml
562,,,ml
563,,,ml
564,,,ml
565,,,ml
566,0.7123083401003412,2.7078648516156836,ml
567,,,ml
568,,,ml
569,,,ml
570,,,ml
571,,,ml
572,,,ml
573,,,ml
574,,,ml
575,0.49246976475600734,2.0476527676501926,ml
576,,,ml
577,,,ml
578,,,ml
579,,,ml
580,,,ml
581,,,ml
582,,,ml
583,,,ml
584,,,ml
585,,,ml
586,,,ml
587,,,ml
588,,,ml
589,,,ml
590,,,ml
591,,,ml
592,,,ml
593,,,ml
594,,,ml
595,,,ml
596,,,ml
597,,,ml
598,,,ml
599,,,ml
600,,,ml
601,3.640882384908756,12.165852691252244,ml
602,,,ml
603,,,ml
604,,,ml
605,,,ml
606,,,ml
607,,,ml
608,,,ml
609,,,ml
610,,,ml
611,,,ml
612,,,ml
613,,,ml
614,5.123628596640921,16.95448931685568,ml
615,0.16962891913671524,0.18206203702742715,ml
616,,,ml
617,,,ml
618,,,ml
619,,,ml
620,0.9274763921175575,3.225300470023851,ml
621,,,ml
622,,,ml
623,6.57795715004269,17.110400723415456,ml
624,,,ml
625,,,ml
626,3.8876696497333567,11.946807344294308,ml
627,,,ml
628,,,ml
629,,,ml
630,,,ml
631,,,ml
632,,,ml
633,,,ml
634,0.2833086991632025,0.4508252030185278,ml
635,,,ml
636,,,ml
637,,,ml
638,,,ml
639,,,ml
640,,,ml
641,,,ml
642,0.16785091125641774,0.22255308275339997,ml
643,0.11599581211252104,0.14569976280082167,ml
644,0.11304557149119046,0.1203607439085288,ml
645,,,ml
646,0.514551264411455,1.0032495865154258,ml
647,0.1622346738751578,0.2565919265987611,ml
648,0.16296586468898644,0.20625106663711118,ml
649,0.17073122512302585,0.30650938781531456,ml
650,0.237566933927393,0.3654566869572627,ml
651,0.10589684720982234,0.1511537320533886,ml
652,0.24811993159839738,0.37235279183693054,ml
653,0.13357219319030683,0.1954222126892617,ml
654,0.13881881316544017,0.146734955612762,ml
655,0.12327786803304742,0.1864195785973938,ml
656,,,ml
657,0.19389610033703744,0.21949694052401328,ml
658,0.15615138081715385,0.213475102680232,ml
659,0.18847545171345764,0.32716511108105945,ml
660,0.07567438548051071,0.12466681735670648,ml
661,0.2038930341891447,0.2676784947048941,ml
662,,,ml
663,1.7592444287386595,3.422313535224306,ml
664,0.19222898527052049,0.2871047583088146,ml
665,0.15185697955944435,0.20095091632520315,ml
666,0.27053747795292404,0.9636961088451925,ml
667,0.2097308497108792,0.28431209307129357,ml
668,0.1468622297569735,0.19959601319606826,ml
669,0.1415929756571816,0.19236002930213292,ml
670,0.26142678529640073,0.4412184308057889,ml
671,1.5762252498511267,5.324100700175094,ml
672,0.15783276662389364,0.2152641310922313,ml
673,0.16099021937662336,0.2574647705918038,ml
674,,,ml
675,0.14079689499613732,0.2722787085395886,ml
676,0.15530347792035953,0.18792051516693462,ml
677,4.354095972539393,6.309850333659439,ml
678,1.098273353118057,1.8243736660629968,ml
679,0.15888108479529545,0.21876146103496522,ml
680,0.23272873528654126,0.5039355099812144,ml
681,0.1971512911275942,0.2670273394537873,ml
682,0.1477795741021244,0.27570587412442066,ml
683,0.16170733976114762,0.20486974371601668,ml
684,0.1729779239250656,0.3215503018215141,ml
685,0.5545847926467423,1.0934339814807414,ml
686,0.16897093316082024,0.23110964940037354,ml
687,0.17353577235585466,0.22776334470769605,ml
688,0.1274968169839191,0.16589809015794985,ml
689,0.1378918428098808,0.19021291558212372,ml
690,0.12122610170177515,0.17836023594294334,ml
691,0.16913935405878108,0.2682684966586017,ml
692,0.17273732849564977,0.28138037400701504,ml
693,0.27520380270135936,0.4818724237044812,ml
694,0.8615917653681645,3.5604456471315964,ml
695,0.3021801788646555,0.4426953191729808,ml
696,0.33430437247774825,0.5295054561374516,ml
697,1.6351552125712792,4.871025946598102,ml
698,0.861972596293107,1.8771335087067915,ml
699,0.1534362497188423,0.21249367060250748,ml
700,0.285046585492948,0.44852023982974315,ml
701,0.1210126439606791,0.14726179146530233,ml
702,0.21879982908925305,0.3468486723037449,ml
703,0.2186087496299713,0.2837348483994728,ml
704,0.2785631713552817,0.9582491784070162,ml
705,0.3037920558375182,0.4962218950542575,ml
706,0.19021109639562528,0.2509013906180164,ml
707,0.19248117128249034,0.276379330536242,ml
708,0.13912679357616534,0.23392894787407645,ml
709,0.3451577065184658,0.7382948142569841,ml
710,0.17445673455027308,0.2579421693435976,ml
711,0.1359403296710469,0.19815526401410696,ml
712,0.24413199719588247,0.43685377891434635,ml
713,0.13798076999795592,0.20989911900857255,ml
714,0.16523150477485443,0.21766395503561684,ml
715,0.12162878873379852,0.16593504845373017,ml
716,0.14076703159953532,0.18507620052044552,ml
717,0.1848097626755632,0.39037892568538535,ml
718,0.620678378714037,1.143513590232798,ml
719,0.1625039146371246,0.20770874684455395,ml
720,0.15822116632136707,0.2480500565482782,ml
721,0.1077533852561401,0.14809376448435094,ml
722,0.18995916991981568,0.21101312287923146,ml
723,0.15563245597683203,0.22280504614814767,ml
724,0.14942365721509399,0.24869736349425303,ml
725,0.18612614826335477,0.25816239562777515,ml
726,0.15492017837221964,0.22255669420330843,ml
727,,,ml
728,0.20510917026380915,0.28337191550160273,ml
729,0.21085676945746265,0.3094941054350875,ml
730,0.4521671466254223,0.9230836989549789,ml
731,0.18544057045254256,0.32513562746100316,ml
732,1.4643097701048549,5.369032394273364,ml
733,0.20976005051265129,0.34646687406780724,ml
734,,,ml
735,0.2236852446666096,0.37260760185783787,ml
736,0.20466251026599908,0.3706396919705939,ml
737,0.159403279314293,0.21777613991924227,ml
738,0.15168462509810432,0.5255624456137641,ml
739,0.17596402051441265,0.23972996789871365,ml
740,0.16153172948489672,0.23141502334335254,ml
741,0.09324665998601252,0.1253472405922541,ml
742,,,ml
743,1.633857149971129,3.7802434740375417,ml
744,0.37371389673525757,0.727652002767838,ml
745,1.2814973168600867,2.2107242184368627,ml
746,,,ml
747,0.5001459833496867,0.9964737581057589,ml
748,0.14320726689837754,0.22146835117125485,ml
749,0.7274941165132591,1.0214984211799358,ml
750,0.21963900744017195,0.27118520053846146,ml
751,,,ml
752,,,ml
753,0.17251096109590167,0.2632503131683687,ml
754,0.6072304360672415,1.3055363184376219,ml
755,0.30160226160141945,0.49798702420430596,ml
756,0.250448847589172,0.376799974281071,ml
757,0.4644879026102311,0.788930938373919,ml
758,0.17193543130275726,0.3245610482186016,ml
759,0.20560232834985076,0.2658806483961068,ml
760,0.7573553961331186,1.4424386128956437,ml
761,0.17193543130275726,0.3245610482186016,ml
762,,,ml
763,0.07848432688076823,0.10969261369300781,ml
764,0.1831590402718478,0.23350964008482777,ml
765,0.12941158458293467,0.18414887234466737,ml
766,0.09844377047556416,0.13052783869623177,ml
767,0.44989132406230775,0.625605537841572,ml
768,0.2499918976753855,0.3536260411973717,ml
769,,,ml
770,,,ml
771,0.5562266083912154,1.1067574839347567,ml
772,0.34797311358943644,0.7483630646733394,ml
773,0.2992331582130319,0.47352002352430206,ml
774,0.6282363553662947,1.2044149729612657,ml
775,,,ml
776,0.13925334576998652,0.18380811828281082,ml
777,,,ml
778,0.1456873492632714,0.21056745451647554,ml
779,0.2337986596084265,0.30837450822391005,ml
780,0.21980336357075927,0.3433164874869307,ml
781,,,ml
782,0.1654093603278788,0.21086420951232568,ml
783,0.15846659270080093,0.12858453277475607,ml
784,2.832500385530275,6.43576960850605,ml
785,0.18105235422603985,0.27124433310568485,ml
786,0.22923117622681302,0.29936832608607605,ml
787,0.1281041913610496,0.16482180366429794,ml
788,0.7581199253691662,1.7342860878154558,ml
789,,,ml
790,,,ml
791,3.0809013171438755,8.137973899026203,ml
792,,,ml
793,,,ml
794,0.4113180339456019,0.7582963107225684,ml
795,0.3657107871282807,0.6132588021127053,ml
796,0.5612341816835624,0.9384049787036496,ml
797,,,ml
798,,,ml
799,,,ml
800,0.22353137989686633,0.2652772829426426,ml
801,0.41327617948359785,0.7702831295579137,ml
802,0.1655444002282407,0.19974548164538147,ml
803,0.1882589705228201,0.24189538640191693,ml
804,0.18268560399419134,0.2956741120512682,ml
805,0.22707657739432216,0.3180585893195789,ml
806,,,ml
807,0.6488374785965708,1.468402704082234,ml
808,1.874142902173934,4.928231348759278,ml
809,0.1909977557283504,0.3887265435930564,ml
810,0.8515125990840127,1.707492297212029,ml
811,0.07848432688076823,0.10969261369300781,ml
812,0.44989132406230775,0.625605537841572,ml
813,,,ml
814,0.21323054386791604,0.31520917127345865,ml
815,0.5238463986981217,0.8425376444351047,ml
816,0.20751603347883785,0.4949296149573541,ml
817,0.12534055922578405,0.17445948187943286,ml
818,,,ml
819,0.5455428511351866,1.0591909381126017,ml
820,0.2169404512117597,0.34692822673253665,ml
821,0.9244802707827923,1.90231560088091,ml
822,0.1831590402718478,0.23350964008482777,ml
823,0.23230335997298424,0.2784471182453928,ml
824,0.3410603337339991,0.633469391270502,ml
825,0.15050012885929456,0.1859189612268951,ml
826,0.43904721303379773,0.8170785028557244,ml
827,0.9273230327630174,1.5492620398542991,ml
828,,,ml
829,0.8325366754523318,1.7585728965468188,ml
830,1.0245134749284592,2.09814948888907,ml
831,,,ml
832,,,ml
833,0.1882589705228201,0.24189538640191693,ml
834,0.20694209495416724,0.38349506319559545,ml
835,0.625810310704029,1.3454916543593647,ml
836,0.2691168440393542,1.1492844437168104,ml
837,0.8050418706964673,1.8107502081376867,ml
838,0.1343173826546529,0.19002993061950843,ml
839,0.5797526752367123,1.1691330852706527,ml
840,0.1281041913610496,0.16482180366429794,ml
841,,,ml
842,0.2866622127425673,0.3464233700386145,ml
843,,,ml
844,0.1654093603278788,0.21086420951232568,ml
845,0.19427281318603923,0.3037407735418769,ml
846,0.18217313807863067,0.3047526961310995,ml
847,,,ml
848,0.2253452084217222,0.37045321084301813,ml
849,0.16596027996963117,0.2301971965903922,ml
850,0.2517433665956678,0.3881782309395332,ml
851,0.13881420988871887,0.18383508604271784,ml
852,0.18482434116078428,0.2905644199036505,ml
853,0.2677804767428289,0.40827727246601864,ml
854,0.5471757438418212,0.970802854869846,ml
855,0.26304579748912793,0.41437932708031544,ml
856,0.24428077525964728,0.2991755317847157,ml
857,,,ml
858,0.19086075094132748,0.2589262425774396,ml
859,0.2209580132941128,0.25956969153402226,ml
860,0.18423737427625209,0.2968103038760911,ml
861,,,ml
862,2.336086736690316,5.6463852617768575,ml
863,0.15617354226850916,0.3019662384752378,ml
864,0.20560232834985076,0.2658806483961068,ml
865,0.9949757015817868,2.148282873675404,ml
866,0.38655525387266704,0.9254082856340893,ml
867,1.7259933548626347,3.673032170052015,ml
868,0.23230335997298424,0.2784471182453928,ml
869,,,ml
870,0.1418654589151754,0.17426984998339734,ml
871,0.1748914704003535,0.2576116308924651,ml
872,,,ml
873,0.39224768055796183,0.7987622343807187,ml
874,0.18423737427625209,0.2968103038760911,ml
875,,,ml
876,,,ml
877,0.9903602582532165,2.110784376196685,ml
878,,,ml
879,2.3564005381833257,5.594307768380955,ml
880,0.36218562337270005,0.96033345193074,ml
881,,,ml
882,0.2120248552155822,0.34176208027357746,ml
883,0.429027657852166,0.8587112893250086,ml
884,,,ml
885,2.3013594486769997,7.083149204907265,ml
886,0.6636037589351795,1.8404591382103288,ml
887,,,ml
888,0.6488374785965708,1.468402704082234,ml
889,,,ml
890,0.14385236890928696,0.20260528670888,ml
891,0.2407530899515635,0.28737669566616314,ml
892,0.8112890358611261,1.401656286247976,ml
893,0.3660927991817158,0.8043650345733517,ml
894,,,ml
895,3.2034688360826666,8.838321500828256,ml
896,,,ml
897,3.0932245968729353,9.887304282004257,ml
898,2.2193129009185486,7.962621105530671,ml
899,4.258344799841823,13.648120926768964,ml
900,,,ml
901,,,ml
902,,,ml
903,,,ml
904,1.5088049610461751,4.9103591348580355,ml
905,4.678300312011412,12.825597999545305,ml
906,,,ml
907,0.9637160414995445,3.2412039514856605,ml
908,2.7114818851115667,6.889204792058672,ml
909,3.62519268037519,9.77361958156946,ml
910,,,ml
911,,,ml
912,,,ml
913,1.8898013617583165,5.206146312327169,ml
914,2.423274189028772,8.325199659865122,ml
915,,,ml
916,3.802006725653006,10.509773100983452,ml
917,,,ml
918,,,ml
919,,,ml
920,,,ml
921,,,ml
922,1.2526824436815998,4.498180926644324,ml
923,3.572791117314678,9.378765000261222,ml
924,,,ml
925,2.522403826527911,6.982967900658963,ml
926,2.4492236474095757,8.341551031254944,ml
927,3.310389134363308,8.521858427983183,ml
928,,,ml
929,1.6947132781563925,4.86827049004867,ml
930,1.8830112361200038,5.42039100700268,ml
931,,,ml
932,,,ml
933,,,ml
934,2.728100437864298,8.5584211513513,ml
935,4.069147451054849,11.241704630428652,ml
936,,,ml
937,1.6947132781563925,4.86827049004867,ml
938,4.454326624361644,9.469217805043405,ml
939,2.794827973109613,7.568129762717675,ml
940,3.471269259163898,9.164784665321962,ml
941,,,ml
942,2.8564210289887897,7.9679822429270954,ml
943,,,ml
944,,,ml
945,2.8419404539461013,7.449288078762448,ml
946,,,ml
947,,,ml
948,,,ml
949,0.20675590864755203,0.2562039166051361,ml
950,,,ml
951,2.4289951183982583,5.589786073666892,ml
952,2.7366472967822437,9.711465556081585,ml
953,,,ml
954,3.3274670887355873,9.077242722299733,ml
955,4.069147451054849,11.241704630428652,ml
956,2.207775801707611,4.977973239518013,ml
957,3.460168291244518,9.883807310731948,ml
958,3.136945914134838,8.180094068747064,ml
959,,,ml
960,2.7114818851115667,6.889204792058672,ml
961,2.4861089875222118,6.850062519959312,ml
962,4.069147451054849,11.241704630428652,ml
963,3.7548430950513354,10.074669166227977,ml
964,,,ml
965,,,ml
966,1.1827371050089386,3.045726779956168,ml
967,3.4491260239255497,10.530046198879454,ml
968,2.522403826527911,6.982967900658963,ml
969,2.2193129009185486,7.962621105530671,ml
970,1.5176658699884644,4.0473527527939055,ml
971,1.4064859882494212,3.9382055745372404,ml
972,1.8830112361200038,5.42039100700268,ml
973,,,ml
974,1.162982792104875,3.622459573618588,ml
975,1.1827371050089386,3.045726779956168,ml
976,,,ml
977,2.705556405086691,7.925118169717713,ml
978,0.7488734214213023,3.0613813577109754,ml
979,3.0015198042362576,8.775420527628206,ml
980,2.4289951183982583,5.589786073666892,ml
981,1.1875392590625384,4.752702002659683,ml
982,1.326143846298073,3.5010563508656216,ml
983,,,ml
984,7.112700292936757,18.86567030835681,ml
985,2.25134442649317,7.45469868456343,ml
986,,,ml
987,0.22287281161858533,0.2543534147213081,ml
988,3.3248207379976917,8.810992976790752,ml
989,2.423274189028772,8.325199659865122,ml
990,,,ml
991,,,ml
992,3.572791117314678,9.378765000261222,ml
993,0.10537307827671569,0.12275172843106757,ml
994,3.820664186437651,10.483921027075098,ml
995,,,ml
996,,,ml
997,,,ml
998,0.21965674090029147,0.46202157539044963,ml
999,,,ml
1000,,,ml
1001,0.7760217350147064,2.2913189631015194,ml
1002,3.3248207379976917,8.810992976790752,ml
1003,,,ml
1004,,,ml
1005,,,ml
1006,4.263302557731165,10.884816319716354,ml
1007,2.6738461563390175,7.9053565464361935,ml
1008,3.7548430950513354,10.074669166227977,ml
1009,3.0264657903426855,7.813586372261665,ml
1010,1.162982792104875,3.622459573618588,ml
1011,,,ml
1012,1.2526824436815998,4.498180926644324,ml
1013,3.9043482960521194,10.374771217582108,ml
1014,2.207775801707611,4.977973239518013,ml
1015,,,ml
1016,4.620769272547112,13.473727536313161,ml
1017,3.310389134363308,8.521858427983183,ml
1018,3.387103303803961,9.369220108216284,ml
1019,2.25134442649317,7.45469868456343,ml
1020,2.5876713648100336,7.084088617219431,ml
1021,1.7434727455900751,5.656796301732051,ml
1022,5.136403262619502,14.307766207101531,ml
1023,,,ml
1024,,,ml
1025,2.99610454724612,8.47473454403624,ml
1026,1.326143846298073,3.5010563508656216,ml
1027,,,ml
1028,3.094243906391348,8.886118935274133,ml
1029,2.4539625194400876,7.924207057952052,ml
1030,2.488896087673551,8.123949255674303,ml
1031,,,ml
1032,2.049164950638325,5.368974998586175,ml
1033,4.258344799841823,13.648120926768964,ml
1034,,,ml
1035,1.7953287460143026,5.401604956808382,ml
1036,2.7581167781065856,8.370749009856269,ml
1037,,,ml
1038,2.4492236474095757,8.341551031254944,ml
1039,,,ml
1040,,,ml
1041,5.3108857438664865,16.004737474651513,ml
1042,2.16157769940314,7.127356338596569,ml
1043,2.4861089875222118,6.850062519959312,ml
1044,2.7581167781065856,8.370749009856269,ml
1045,1.4064859882494212,3.9382055745372404,ml
1046,2.765395277264477,7.7753201401545216,ml
1047,,,ml
1048,,,ml
1049,0.10537307827671569,0.12275172843106757,ml
1050,,,ml
1051,2.15396127266142,6.752669801783609,ml
1052,,,ml
1053,,,ml
1054,2.794827973109613,7.568129762717675,ml
1055,,,ml
1056,,,ml
1057,,,ml
1058,1.3531820313325138,3.846746456610794,ml
1059,1.9686173496421409,4.9801490206207735,ml
1060,,,ml
1061,,,ml
1062,1.645925737907963,6.059076898267928,ml
1063,1.645925737907963,6.059076898267928,ml
1064,2.7366472967822437,9.711465556081585,ml
1065,0.21965674090029147,0.46202157539044963,ml
1066,3.744314749385691,10.829498005142378,ml
1067,3.094243906391348,8.886118935274133,ml
1068,0.5048378234606168,1.1511792616142509,ml
1069,,,ml
1070,3.4574579512205212,8.62355432082425,ml
1071,,,ml
1072,,,ml
1073,0.6551221937892233,2.3791815285015967,ml
1074,1.5088049610461751,4.9103591348580355,ml
1075,3.136945914134838,8.180094068747064,ml
1076,4.263302557731165,10.884816319716354,ml
1077,,,ml
1078,,,ml
1079,,,ml
1080,2.5966269963072626,6.5824933603416165,ml
1081,3.62519268037519,9.77361958156946,ml
1082,3.0932245968729353,9.887304282004257,ml
1083,1.5983833413715653,3.774161081559462,ml
1084,0.23351303025130188,0.388126847355477,ml
1085,0.5181072657582007,1.0433895462649314,ml
1086,0.10636166856020604,0.21868985152491352,ml
1087,0.34074488479183657,0.6521839760042928,ml
1088,0.1926831448328709,0.22202919737987425,ml
1089,0.16875532391998685,0.27259659518316653,ml
1090,0.24379511424772596,0.5276493277060902,ml
1091,3.0986241230200204,7.406883842386371,ml
1092,0.17029793489164005,0.2884351794961189,ml
1093,1.1257778207925084,2.479059334430958,ml
1094,0.2264850516727311,0.5424747753829815,ml
1095,0.14381117937287205,0.23480272894526516,ml
1096,0.22353624314056092,0.37629975619369194,ml
1097,0.5151258860311135,1.2852715796323368,ml
1098,,,ml
1099,0.19184605932670148,0.2926203467189326,ml
1100,0.1703163376281386,0.18697243662491744,ml
1101,0.1320260817745715,0.14824947377362044,ml
1102,0.19165260392768352,0.31648434110831886,ml
1103,0.16407098238683665,0.20419590884999325,ml
1104,0.4773021788187764,1.059057399080659,ml
1105,0.14838895553498924,0.2908447853142684,ml
1106,0.4339933983305002,0.9121544442441265,ml
1107,0.35830107027669844,0.6433433003671144,ml
1108,0.7688927897366777,3.283437521199345,ml
1109,0.39394746832581784,0.7632532050140388,ml
1110,2.73017863229797,6.011843652684283,ml
1111,0.9563227125701772,1.8240842759602558,ml
1112,0.24316940627206324,0.403571743260858,ml
1113,0.7580755591058863,2.0010467874278506,ml
1114,0.5033739300214617,1.377164807942457,ml
1115,0.23244219918252754,0.3374191145727195,ml
1116,0.15141377619839994,0.2167603121555156,ml
1117,2.065172753885681,4.798499266067993,ml
1118,0.14527388163774954,0.24265087369863156,ml
1119,0.10216644251828573,0.1288717688393724,ml
1120,0.2548942705316657,0.5010730474858761,ml
1121,0.25664497640003814,0.3992963537183155,ml
1122,0.19451899670584774,0.35180695160288933,ml
1123,,,ml
1124,0.24876520113747222,0.6514307844949,ml
1125,0.3513003510097687,0.5422236280514857,ml
1126,0.14938011677343024,0.240399561461178,ml
1127,,,ml
1128,0.14938011677343024,0.240399561461178,ml
1129,0.1526523719585149,0.1979030322018042,ml
1130,0.21424828319931133,0.356845172573625,ml
1131,0.3832927049173388,0.5950662713171619,ml
1132,,,ml
1133,0.16718224762784253,0.3190285695982919,ml
1134,0.2264850516727311,0.5424747753829815,ml
1135,0.1889682156991103,0.3084821462384772,ml
1136,1.3523980555855373,3.0883453964849816,ml
1137,0.4701141449802221,0.8775730266419642,ml
1138,0.15904754104311775,0.2331362026746051,ml
1139,0.16880843762567932,0.26334782866512385,ml
1140,0.348357066705593,0.4562055755415502,ml
1141,0.15904754104311775,0.2331362026746051,ml
1142,0.9412694944973274,2.383387643382798,ml
1143,1.5874221710441587,3.1807884540410676,ml
1144,0.2390957428037072,0.3949131136255426,ml
1145,0.5018855998651427,0.8998852011711509,ml
1146,1.543697930354391,4.22552513964417,ml
1147,,,ml
1148,1.5819896245076868,2.8767100872999327,ml
1149,0.34074488479183657,0.6521839760042928,ml
1150,0.9294731199022763,2.211475391897914,ml
1151,,,ml
1152,0.2804724352378991,0.3921750688278211,ml
1153,0.23032885941122838,0.43581662550187655,ml
1154,,,ml
1155,0.38712506760313914,0.5835601588227632,ml
1156,0.20223479283821044,0.2813527257246031,ml
1157,0.22596593388091155,0.4188401543847522,ml
1158,0.10598866954690245,0.1343594735058792,ml
1159,0.2838197885023273,0.5718847398113273,ml
1160,0.2783353630606706,0.3826691386131161,ml
1161,0.49045988850747546,1.0927713699037458,ml
1162,0.13774226567321537,0.16339513280732665,ml
1163,0.42113146849709127,0.8332382593519128,ml
1164,1.2380200750618342,2.9547888551905426,ml
1165,2.240565023780674,6.379855646478201,ml
1166,0.6631733456513103,1.4896912324196792,ml
1167,1.7637557990193695,4.127879117099331,ml
1168,0.7353738853041686,1.5017008059498285,ml
1169,0.18559996703076814,0.3149529033995882,ml
1170,0.11957060938647007,0.2201010877357578,ml
1171,0.18270017772437572,0.24725371466838775,ml
1172,,,ml
1173,0.43522500876103654,1.0063670236783344,ml
1174,0.1787904782544582,0.27015860804170777,ml
1175,0.44332815080431504,0.8500939809342195,ml
1176,,,ml
1177,0.10216644251828573,0.1288717688393724,ml
1178,0.845777985792133,2.2592189168110592,ml
1179,1.1327398136280655,2.8445590857564347,ml
1180,0.12787242908829463,0.1804070700050615,ml
1181,0.28010057581643755,0.33985728537785104,ml
1182,,,ml
1183,0.4773021788187764,1.059057399080659,ml
1184,,,ml
1185,0.16054224169210984,0.22527137779480194,ml
1186,0.10454726216732028,0.13728109309337233,ml
1187,0.10636166856020604,0.21868985152491352,ml
1188,0.6882581914333786,1.6097375974885335,ml
1189,,,ml
1190,0.12201942781821774,0.1929384701622697,ml
1191,0.18020855688433962,0.3624723538558717,ml
1192,0.19098475285221744,0.2770035196140396,ml
1193,0.17835087419165227,0.2751768869020396,ml
1194,0.23173154215290484,0.4439418920752478,ml
1195,0.89298810947367,1.9888273349514407,ml
1196,0.18275808261717,0.24591968175255885,ml
1197,,,ml
1198,0.13194396942083433,0.1855947917356163,ml
1199,0.09802823521963643,0.19783227935116254,ml
1200,0.8881226779601377,2.162465420780388,ml
1201,,,ml
1202,,,ml
1203,0.4557196438449399,0.9914050504859506,ml
1204,,,ml
1205,2.346202542059185,7.043622210973769,ml
1206,0.1975269214089965,0.33009731277581417,ml
1207,0.1733573313833952,0.3213669842334595,ml
1208,0.16042434431890376,0.38453447800458196,ml
1209,,,ml
1210,0.39984778852776404,0.8635847459008408,ml
1211,0.11794393270680673,0.1833049881899323,ml
1212,0.2309332698350291,0.37924644689679216,ml
1213,0.17835087419165227,0.2751768869020396,ml
1214,0.1889682156991103,0.3084821462384772,ml
1215,0.283534570838544,0.5255445744561303,ml
1216,0.2137797839831819,0.2904656790877174,ml
1217,,,ml
1218,0.5139404499101156,0.9730837555931535,ml
1219,0.28535544636965937,0.44749617492479143,ml
1220,1.2905878392590289,2.8001152564376115,ml
1221,0.9450505022458058,2.3873469389639164,ml
1222,0.6716673762376022,1.0645404352088048,ml
1223,1.6121594263563839,3.502547818834266,ml
1224,0.2352186116292716,0.6529090615977402,ml
1225,0.6947573780127781,1.6391501108570252,ml
1226,0.6711547163276305,1.3505020603011098,ml
1227,0.6274160498729936,1.1859019355498335,ml
1228,0.5018855998651427,0.8998852011711509,ml
1229,0.20619069033255397,0.3328492669953244,ml
1230,0.282813511453631,0.45579806063789746,ml
1231,0.23130163929333408,0.3573834063468695,ml
1232,0.13515478661709257,0.2407022564074842,ml
1233,0.5053471994149311,0.9987265348438318,ml
1234,0.13083512401559175,0.21346944198520906,ml
1235,,,ml
1236,,,ml
1237,0.23553576689978542,0.3196193382059821,ml
1238,0.1353542997414602,0.1803838328316828,ml
1239,0.152813106854084,0.20934305337657436,ml
1240,0.15641700197499214,0.3066392426888672,ml
1241,0.7580755591058863,2.0010467874278506,ml
1242,0.18275808261717,0.24591968175255885,ml
1243,0.18982334281058963,0.27537770584129057,ml
1244,0.24960819023259298,0.39723110948096274,ml
1245,0.3495351663488143,0.6967263813546231,ml
1246,0.228614297827007,0.27499771554932767,ml
1247,0.15141377619839994,0.2167603121555156,ml
1248,,,ml
1249,0.2674377271167366,0.5155009055307155,ml
1250,0.2715634179591663,0.6428715303503262,ml
1251,,,ml
1252,0.15652206032991667,0.19053335812303834,ml
1253,1.4940324790654471,4.058272478256926,ml
1254,1.0029182929364613,2.3155476992225257,ml
1255,1.3898550869109683,3.3487477454760874,ml
1256,0.23182839604781189,0.36063079062377135,ml
1257,0.2759552913721095,0.33530180567248347,ml
1258,1.7283165291341802,3.466759733695285,ml
1259,0.28866020488241534,0.5121957739116278,ml
1260,0.6107476885021397,1.2749790967564474,ml
1261,0.27998429850062867,0.5814815471016228,ml
1262,0.0932397028612236,0.13148742594251064,ml
1263,1.747568128602044,4.4993261373641875,ml
1264,0.327904352540314,0.5491597038803323,ml
1265,0.20278500506057484,0.25416416156731675,ml
1266,0.18035703940467399,0.29727266781121,ml
1267,2.969303504119329,6.392152919291395,ml
1268,0.10394510395889647,0.1140694947479074,ml
1269,0.6018572021453497,0.8151478383007266,ml
1270,0.10178203656926144,0.13967019757925886,ml
1271,0.20750709177174248,0.38106738786911687,ml
1272,0.6935726031645949,1.2898077281320397,ml
1273,0.17351240089875833,0.2949338684891108,ml
1274,0.37859394011540026,0.6854391477308525,ml
1275,,,ml
1276,0.10598866954690245,0.1343594735058792,ml
1277,0.5963720494882109,1.5141194340200392,ml
1278,,,ml
1279,0.39394746832581784,0.7632532050140388,ml
1280,0.18841065114524347,0.2374262029789369,ml
1281,0.135420386589544,0.17091626711229146,ml
1282,0.23032885941122838,0.43581662550187655,ml
1283,0.1975269214089965,0.33009731277581417,ml
1284,0.23691690846160923,0.42376674338743014,ml
1285,0.19184605932670148,0.2926203467189326,ml
1286,0.17342297767410328,0.2862960906453188,ml
1287,0.7922493642410311,1.90507641295295,ml
1288,1.3898550869109683,3.3487477454760874,ml
1289,0.9049871886104274,2.6943965895167046,ml
1290,0.4102045598188208,0.783945228242265,ml
1291,0.22353624314056092,0.37629975619369194,ml
1292,0.19188098788673472,0.24258397722108285,ml
1293,0.15603992847102982,0.2251191408305761,ml
1294,0.2453755449610011,0.3491374813799355,ml
1295,0.15196641152303336,0.2174533508211239,ml
1296,0.27209590212672746,0.4768851482500066,ml
1297,0.5701239708942698,1.0044533938422338,ml
1298,0.10708211808812411,0.020775936040384906,ml
1299,,,ml
1300,1.8019276179613704,3.636397262887065,ml
1301,2.1520812465066155,4.54452648902276,ml
1302,0.5406586515450627,1.35982464364291,ml
1303,1.1917623042680723,2.902812450692442,ml
